58cae0c1a3d24b23204a5540,544
58cae0c5a3d24b23204a5542,547
58cae0c7a3d24b23204a5545,547
58cae0d0a3d24b23204a5546,928
58cae0d0a3d24b23204a5546,929
58cae0d1a3d24b23204a5547,923
58cae0d6a3d24b23204a554b,553
58cae0d7a3d24b23204a554c,926
58cae0dca3d24b23204a5551,925
58cae0dca3d24b23204a5551,929
58cae0dca3d24b23204a5551,94
58cae0dca3d24b23204a5551,584
58cae0dca3d24b23204a5552,628
58cae0dea3d24b23204a5554,929
58cae0dea3d24b23204a5554,554
58cae0e1a3d24b23204a5557,923
58cae0e1a3d24b23204a5557,926
58cae0e1a3d24b23204a5557,925
58cae0e1a3d24b23204a5557,94
58cae0e1a3d24b23204a5558,926
58cae0e3a3d24b23204a555a,552
58cae0e5a3d24b23204a555b,551
58cae0e9a3d24b23204a555e,547
58cae0eaa3d24b23204a555f,547
58cae0eca3d24b23204a5560,550
58cae0efa3d24b23204a5562,549
58cae0efa3d24b23204a5562,554
58cae0efa3d24b23204a5562,554
58cae0efa3d24b23204a5562,536
58cae0f0a3d24b23204a5563,926
58cae0f0a3d24b23204a5563,536
58cae0f3a3d24b23204a5565,926
58cae0fba3d24b23204a556a,554
58cae0fba3d24b23204a556a,554
58cae0fea3d24b23204a556c,926
58cae0fea3d24b23204a556c,925
58cae0fea3d24b23204a556c,929
58cae0fea3d24b23204a556c,928
58cae100a3d24b23204a556d,547
58cae105a3d24b23204a5570,547
58cae115a3d24b23204a5578,544
58cae117a3d24b23204a5579,926
58cae11da3d24b23204a557d,536
58cae121a3d24b23204a5580,542
58cae125a3d24b23204a5583,926
58cae129a3d24b23204a5585,536
58cae12ca3d24b23204a5587,94
58cae12ea3d24b23204a5589,536
58cae131a3d24b23204a558a,572
58cae131a3d24b23204a558a,536
58cae138a3d24b23204a5590,554
58cae13aa3d24b23204a5591,536
58cae13ba3d24b23204a5592,926
58cae13ca3d24b23204a5593,926
58cae13ca3d24b23204a5593,540
58cae13ca3d24b23204a5593,536
58cae13ea3d24b23204a5595,540
58cae13ea3d24b23204a5595,903
58cae13fa3d24b23204a5596,558
58cae13fa3d24b23204a5596,536
58cae140a3d24b23204a5597,926
58cae140a3d24b23204a5597,536
58cae141a3d24b23204a5598,547
58cae143a3d24b23204a559a,541
58cae143a3d24b23204a559a,535
58cae144a3d24b23204a559b,94
58cae145a3d24b23204a559c,920
58cae14aa3d24b23204a55a2,919
58cae150a3d24b23204a55a9,534
58cae150a3d24b23204a55aa,534
58cae154a3d24b23204a55ae,539
58cae158a3d24b23204a55b3,536
58cae159a3d24b23204a55b5,535
58cae15aa3d24b23204a55b6,535
58cae15ca3d24b23204a55b9,926
58cae15da3d24b23204a55ba,540
58cae15da3d24b23204a55ba,536
58cae160a3d24b23204a55bb,94
58cae164a3d24b23204a55bc,94
58cae167a3d24b23204a55bf,175
58cae167a3d24b23204a55bf,71
58cae167a3d24b23204a55bf,905
58cae167a3d24b23204a55c0,86
58cae167a3d24b23204a55c0,88
58cae168a3d24b23204a55c1,94
58cae169a3d24b23204a55c2,94
58cae16ba3d24b23204a55c4,94
58cae16ca3d24b23204a55c5,94
58cae16ea3d24b23204a55c7,94
58cae16ea3d24b23204a55c8,94
58cae172a3d24b23204a55cc,94
58cae172a3d24b23204a55cc,907
58cae173a3d24b23204a55cd,110
58cae175a3d24b23204a55d0,94
58cae176a3d24b23204a55d1,94
58cae179a3d24b23204a55d5,94
58cae17aa3d24b23204a55d6,905
58cae17ea3d24b23204a55da,391
58cae183a3d24b23204a55dd,49
58cae183a3d24b23204a55dd,903
58cae183a3d24b23204a55dd,41
58cae184a3d24b23204a55df,920
58cae186a3d24b23204a55e1,346
58cae187a3d24b23204a55e2,908
58cae188a3d24b23204a55e3,536
58cae18aa3d24b23204a55e5,342
58cae18aa3d24b23204a55e6,907
58cae18aa3d24b23204a55e6,157
58cae18aa3d24b23204a55e6,175
58cae18ba3d24b23204a55e7,906
58cae18ba3d24b23204a55e7,94
58cae18ca3d24b23204a55e8,94
58cae18ea3d24b23204a55eb,903
58cae18fa3d24b23204a55ec,230
58cae18fa3d24b23204a55ec,231
58cae18fa3d24b23204a55ec,215
58cae18fa3d24b23204a55ec,236
58cae18fa3d24b23204a55ec,908
58cae18fa3d24b23204a55ec,230
58cae18fa3d24b23204a55ec,239
58cae198a3d24b23204a55f3,204
58cae19ba3d24b23204a55f7,916
58cae19ba3d24b23204a55f7,917
58cae19ba3d24b23204a55f7,918
58cae19ea3d24b23204a55f9,928
58cae1aaa3d24b23204a5605,929
58cae1aaa3d24b23204a5606,906
58cae1b4a3d24b23204a560c,536
58cae1b4a3d24b23204a560c,572
58cae1b8a3d24b23204a560f,924
58cae1b8a3d24b23204a560f,925
58cae1b8a3d24b23204a560f,929
58cae1b8a3d24b23204a560f,519
58cae1b8a3d24b23204a560f,536
58cae1b9a3d24b23204a5610,519
58cae1b9a3d24b23204a5610,94
58cae1baa3d24b23204a5611,94
58cae1c1a3d24b23204a561a,925
58cae1c1a3d24b23204a561a,929
58cae1c1a3d24b23204a561a,572
58cae1c1a3d24b23204a561a,519
58cae1c1a3d24b23204a561a,536
58cae1cda3d24b23204a5628,903
58cae1d2a3d24b23204a562e,632
58cae1d3a3d24b23204a562f,924
58cae1d8a3d24b23204a5630,926
58cae1e2a3d24b23204a5635,926
58cae1e4a3d24b23204a5638,536
58cae1eea3d24b23204a5640,535
58cae1f4a3d24b23204a5647,925
58cae1f4a3d24b23204a5647,927
58cae1f4a3d24b23204a5647,915
58cae1f4a3d24b23204a5647,926
58cae1f4a3d24b23204a5647,921
58cae1f7a3d24b23204a564a,925
58cae1f8a3d24b23204a564b,926
58cae1f8a3d24b23204a564b,929
58cae1f8a3d24b23204a564b,547
58cae1f8a3d24b23204a564b,603
58cae1f8a3d24b23204a564b,548
58cae1f8a3d24b23204a564b,536
58cae1faa3d24b23204a564d,926
58cae1faa3d24b23204a564e,536
58cae1faa3d24b23204a564e,536
58cae1fca3d24b23204a5650,551
58cae1fda3d24b23204a5651,926
58cae1fea3d24b23204a5652,923
58cae202a3d24b23204a5657,94
58cae202a3d24b23204a5657,536
58cae203a3d24b23204a5658,547
58cae203a3d24b23204a5658,536
58cae204a3d24b23204a565a,536
58cae206a3d24b23204a565c,536
58cae209a3d24b23204a565f,547
58cae209a3d24b23204a565f,544
58cae20ba3d24b23204a5661,534
58cae20fa3d24b23204a5666,926
58cae213a3d24b23204a566a,535
58cae21da3d24b23204a5671,916
58cae234a3d24b23204a5688,928
58cae234a3d24b23204a5688,94
58cae236a3d24b23204a568a,519
58cae236a3d24b23204a568a,572
58cae236a3d24b23204a568a,536
58cae237a3d24b23204a568b,921
58cae237a3d24b23204a568b,907
58cae237a3d24b23204a568b,925
58cae237a3d24b23204a568b,901
58cae237a3d24b23204a568b,929
58cae237a3d24b23204a568b,519
58cae23ca3d24b23204a5690,905
58cae23ca3d24b23204a5690,519
58cae240a3d24b23204a5694,916
58cae242a3d24b23204a5696,925
58cae242a3d24b23204a5696,929
58cae242a3d24b23204a5696,926
58cae242a3d24b23204a5696,928
58cae246a3d24b23204a569b,929
58cae246a3d24b23204a569b,519
58cae246a3d24b23204a569b,925
58cae248a3d24b23204a569d,929
58cae24aa3d24b23204a56a0,536
58cae24ca3d24b23204a56a3,547
58cae260a3d24b23204a56a6,925
58cae260a3d24b23204a56a6,929
58cae260a3d24b23204a56a6,928
58cae268a3d24b23204a56a8,929
58cae268a3d24b23204a56a8,905
58cae268a3d24b23204a56a8,94
58cae268a3d24b23204a56a8,923
58cae270a3d24b23204a56a9,923
58cae270a3d24b23204a56a9,907
58cae270a3d24b23204a56a9,929
58cae270a3d24b23204a56a9,905
58cae270a3d24b23204a56a9,94
58cae271a3d24b23204a56aa,94
58cae272a3d24b23204a56ab,923
58cae272a3d24b23204a56ab,926
58cae272a3d24b23204a56ab,907
58cae272a3d24b23204a56ab,901
58cae272a3d24b23204a56ab,920
58cae272a3d24b23204a56ab,909
58cae272a3d24b23204a56ab,917
58cae27ba3d24b23204a56ad,926
58cae27ca3d24b23204a56ae,926
58cae27ca3d24b23204a56ae,575
58cae27ca3d24b23204a56ae,905
58cae27ca3d24b23204a56ae,914
58cae27ca3d24b23204a56ae,928
58cae27da3d24b23204a56b0,94
58cae27fa3d24b23204a56b2,572
58cae27fa3d24b23204a56b2,572
58cae27fa3d24b23204a56b3,572
58cae280a3d24b23204a56b4,917
58cae281a3d24b23204a56b5,572
58cae281a3d24b23204a56b5,572
58cae284a3d24b23204a56b9,917
58cae286a3d24b23204a56bb,917
58cae289a3d24b23204a56bf,272
58cae298a3d24b23204a56c2,94
58cae2a7a3d24b23204a56c3,924
58cae2a9a3d24b23204a56c5,908
58cae2b1a3d24b23204a56c6,921
58cae2b1a3d24b23204a56c6,923
58cae2b1a3d24b23204a56c6,907
58cae2b1a3d24b23204a56c6,94
58cae2b1a3d24b23204a56c6,519
58cae2b2a3d24b23204a56c7,94
58cae2b3a3d24b23204a56c8,21
58cae2b3a3d24b23204a56c8,94
58cae2b6a3d24b23204a56cb,907
58cae2b7a3d24b23204a56cc,911
58cae2b7a3d24b23204a56cc,916
58cae2b8a3d24b23204a56cd,921
58cae2b8a3d24b23204a56cd,926
58cae2b8a3d24b23204a56cd,907
58cae2b8a3d24b23204a56cd,925
58cae2b8a3d24b23204a56cd,929
58cae2b8a3d24b23204a56cd,916
58cae2b8a3d24b23204a56cd,917
58cae2b9a3d24b23204a56ce,922
58cae2baa3d24b23204a56cf,907
58cae2bca3d24b23204a56d1,572
58cae2bea3d24b23204a56d4,925
58cae2bea3d24b23204a56d4,929
58cae2c0a3d24b23204a56d6,928
58cae2c2a3d24b23204a56d7,57
58cae2c2a3d24b23204a56d7,62
58cae2c2a3d24b23204a56d8,908
58cae2c2a3d24b23204a56d8,917
58cae2c3a3d24b23204a56d9,917
58cae2c3a3d24b23204a56d9,908
58cae2c5a3d24b23204a56db,917
58cae2c6a3d24b23204a56dc,908
58cae2c8a3d24b23204a56de,238
58cae2caa3d24b23204a56e0,917
58cae2caa3d24b23204a56e1,398
58cae2cba3d24b23204a56e2,911
58cae2cba3d24b23204a56e2,263
58cae2cba3d24b23204a56e2,314
58cae2cda3d24b23204a56e4,902
58cae2cea3d24b23204a56e5,340
58cae2cea3d24b23204a56e5,357
58cae2d1a3d24b23204a56e7,230
58cae2d1a3d24b23204a56e7,908
58cae2daa3d24b23204a56eb,632
58cae2e1a3d24b23204a56ec,603
58cae2e2a3d24b23204a56ed,603
58cae2e2a3d24b23204a56ee,632
58cae2e6a3d24b23204a56f1,926
58cae2e6a3d24b23204a56f2,632
58cae2eaa3d24b23204a56f6,632
58cae2fba3d24b23204a5703,607
58cae2fba3d24b23204a5704,907
58cae2fba3d24b23204a5704,623
58cae2fba3d24b23204a5704,427
58cae2fea3d24b23204a5707,572
58cae301a3d24b23204a570a,603
58cae303a3d24b23204a570c,925
58cae303a3d24b23204a570c,929
58cae303a3d24b23204a570c,547
58cae303a3d24b23204a570c,572
58cae303a3d24b23204a570c,928
58cae304a3d24b23204a570d,916
58cae307a3d24b23204a570e,928
58cae309a3d24b23204a5710,604
58cae30aa3d24b23204a5711,603
58cae30ba3d24b23204a5712,94
58cae30fa3d24b23204a5716,623
58cae30fa3d24b23204a5716,623
58cae311a3d24b23204a5718,617
58cae313a3d24b23204a571a,929
58cae313a3d24b23204a571a,632
58cae314a3d24b23204a571b,929
58cae314a3d24b23204a571b,908
58cae314a3d24b23204a571b,632
58cae316a3d24b23204a571d,632
58cae317a3d24b23204a571e,632
58cae318a3d24b23204a5720,929
58cae318a3d24b23204a5720,632
58cae31ba3d24b23204a5723,632
58cae31da3d24b23204a5725,632
58cae31da3d24b23204a5725,632
58cae31da3d24b23204a5725,633
58cae321a3d24b23204a5729,632
58cae321a3d24b23204a572a,929
58cae322a3d24b23204a572b,617
58cae322a3d24b23204a572b,607
58cae324a3d24b23204a572e,623
58cae324a3d24b23204a572e,620
58cae324a3d24b23204a572e,623
58cae324a3d24b23204a572e,624
58cae324a3d24b23204a572e,612
58cae324a3d24b23204a572e,628
58cae324a3d24b23204a572e,624
58cae326a3d24b23204a5730,929
58cae327a3d24b23204a5732,929
58cae329a3d24b23204a5734,613
58cae32aa3d24b23204a5735,623
58cae32aa3d24b23204a5735,614
58cae32aa3d24b23204a5735,620
58cae32aa3d24b23204a5735,610
58cae32aa3d24b23204a5735,612
58cae32aa3d24b23204a5735,608
58cae32aa3d24b23204a5735,609
58cae32aa3d24b23204a5735,632
58cae32ca3d24b23204a5738,631
58cae331a3d24b23204a573c,620
58cae332a3d24b23204a573d,925
58cae332a3d24b23204a573d,926
58cae334a3d24b23204a573e,623
58cae334a3d24b23204a573f,929
58cae335a3d24b23204a5740,623
58cae337a3d24b23204a5742,623
58cae338a3d24b23204a5744,623
58cae339a3d24b23204a5745,929
58cae33da3d24b23204a574a,929
58cae33ea3d24b23204a574b,929
58cae33fa3d24b23204a574c,623
58cae341a3d24b23204a574f,929
58cae341a3d24b23204a574f,607
58cae345a3d24b23204a5754,929
58cae346a3d24b23204a5755,621
58cae347a3d24b23204a5756,623
58cae348a3d24b23204a5757,929
58cae34ea3d24b23204a575e,929
58cae34ea3d24b23204a575e,624
58cae34fa3d24b23204a575f,929
58cae350a3d24b23204a5760,623
58cae350a3d24b23204a5760,620
58cae350a3d24b23204a5760,621
58cae350a3d24b23204a5760,612
58cae350a3d24b23204a5760,622
58cae350a3d24b23204a5760,626
58cae358a3d24b23204a5769,188
58cae358a3d24b23204a5769,905
58cae35ca3d24b23204a576f,633
58cae35fa3d24b23204a5773,929
58cae361a3d24b23204a5775,618
58cae362a3d24b23204a5776,94
58cae362a3d24b23204a5776,632
58cae364a3d24b23204a5778,591
58cae366a3d24b23204a577a,929
58cae36da3d24b23204a5780,929
58cae37ca3d24b23204a578c,924
58cae37ca3d24b23204a578c,921
58cae37ca3d24b23204a578c,923
58cae37ca3d24b23204a578c,926
58cae37ca3d24b23204a578c,929
58cae37ca3d24b23204a578c,916
58cae37ca3d24b23204a578c,901
58cae37ca3d24b23204a578c,922
58cae37ca3d24b23204a578c,94
58cae37ca3d24b23204a578c,572
58cae37ca3d24b23204a578c,917
58cae37ca3d24b23204a578c,920
58cae37ca3d24b23204a578c,928
58cae37da3d24b23204a578e,579
58cae381a3d24b23204a5793,572
58cae381a3d24b23204a5793,568
58cae383a3d24b23204a5795,558
58cae383a3d24b23204a5795,536
58cae384a3d24b23204a5796,556
58cae386a3d24b23204a5798,924
58cae386a3d24b23204a5798,920
58cae386a3d24b23204a5798,918
58cae38da3d24b23204a57a0,94
58cae38da3d24b23204a57a0,572
58cae38ea3d24b23204a57a1,925
58cae394a3d24b23204a57a8,572
58cae395a3d24b23204a57a9,579
58cae398a3d24b23204a57ad,572
58cae398a3d24b23204a57ad,925
58cae399a3d24b23204a57ae,925
58cae39ca3d24b23204a57b1,560
58cae39ca3d24b23204a57b1,572
58cae39ca3d24b23204a57b1,560
58cae3a0a3d24b23204a57b6,572
58cae3a4a3d24b23204a57ba,575
58cae3a4a3d24b23204a57ba,519
58cae3a9a3d24b23204a57c0,572
58cae3ada3d24b23204a57c4,577
58cae3b7a3d24b23204a57d0,569
58cae3b8a3d24b23204a57d1,580
58cae3b9a3d24b23204a57d2,580
58cae3baa3d24b23204a57d3,580
58cae3baa3d24b23204a57d3,925
58cae3bba3d24b23204a57d4,579
58cae3bba3d24b23204a57d4,577
58cae3bba3d24b23204a57d4,572
58cae3c1a3d24b23204a57d8,928
58cae3c8a3d24b23204a57db,922
58cae3c8a3d24b23204a57db,928
58cae3cfa3d24b23204a57e3,929
58cae3d1a3d24b23204a57e5,572
58cae3d1a3d24b23204a57e5,94
58cae3d1a3d24b23204a57e5,928
58cae3d3a3d24b23204a57e7,928
58cae3d9a3d24b23204a57ed,928
58cae3dca3d24b23204a57f1,915
58cae3e0a3d24b23204a57f5,595
58cae3e1a3d24b23204a57f6,94
58cae3e6a3d24b23204a57fb,94
58cae3e6a3d24b23204a57fb,928
58cae3e9a3d24b23204a57fe,623
58cae3eaa3d24b23204a57ff,928
58cae3eca3d24b23204a5800,632
58cae3eca3d24b23204a5800,94
58cae3f2a3d24b23204a5806,928
58cae3f7a3d24b23204a580a,572
58cae3f7a3d24b23204a580a,94
58cae3f7a3d24b23204a580a,519
58cae3f7a3d24b23204a580a,928
58cae3fca3d24b23204a580f,928
58cae3fda3d24b23204a5810,592
58cae401a3d24b23204a5813,94
58cae402a3d24b23204a5814,94
58cae402a3d24b23204a5814,928
58cae406a3d24b23204a5818,928
58cae408a3d24b23204a581a,929
58cae40ca3d24b23204a581d,928
58cae40da3d24b23204a581e,906
58cae40da3d24b23204a581e,104
58cae40da3d24b23204a581e,928
58cae40fa3d24b23204a5820,593
58cae414a3d24b23204a5824,928
58cae415a3d24b23204a5826,594
58cae422a3d24b23204a582a,547
58cae422a3d24b23204a582a,547
58cae423a3d24b23204a582b,917
58cae423a3d24b23204a582b,94
58cae428a3d24b23204a582c,94
58cae42aa3d24b23204a582e,925
58cae42aa3d24b23204a582e,536
58cae42da3d24b23204a5830,536
58cae42da3d24b23204a5831,536
58cae434a3d24b23204a5837,94
58cae437a3d24b23204a583a,548
58cae43ea3d24b23204a5841,926
58cae441a3d24b23204a5844,532
58cae446a3d24b23204a5847,554
58cae446a3d24b23204a5848,925
58cae446a3d24b23204a5848,572
58cae44ba3d24b23204a584c,548
58cae44ca3d24b23204a584e,926
58cae44ca3d24b23204a584e,925
58cae44ca3d24b23204a584e,929
58cae44ca3d24b23204a584e,923
58cae44ca3d24b23204a584e,928
58cae44fa3d24b23204a5850,536
58cae44fa3d24b23204a5850,547
58cae44fa3d24b23204a5850,572
58cae44fa3d24b23204a5850,536
58cae452a3d24b23204a5853,536
58cae453a3d24b23204a5854,536
58cae454a3d24b23204a5855,519
58cae454a3d24b23204a5855,536
58cae455a3d24b23204a5856,536
58cae456a3d24b23204a5857,94
58cae458a3d24b23204a5859,924
58cae458a3d24b23204a5859,914
58cae458a3d24b23204a5859,94
58cae458a3d24b23204a5859,94
58cae458a3d24b23204a5859,917
58cae45aa3d24b23204a585b,926
58cae45da3d24b23204a585e,536
58cae45fa3d24b23204a5860,572
58cae462a3d24b23204a5863,926
58cae462a3d24b23204a5863,542
58cae465a3d24b23204a5866,536
58cae468a3d24b23204a5869,549
58cae471a3d24b23204a5872,536
58cae473a3d24b23204a5874,534
58cae474a3d24b23204a5875,541
58cae474a3d24b23204a5875,536
58cae477a3d24b23204a5878,929
58cae477a3d24b23204a5878,536
58cae47ea3d24b23204a587e,926
58cae485a3d24b23204a5884,536
58cae486a3d24b23204a5885,549
58cae48ba3d24b23204a588a,548
58cae48ba3d24b23204a588a,547
58cae48ca3d24b23204a588b,548
58cae491a3d24b23204a588f,551
58cae491a3d24b23204a588f,572
58cae493a3d24b23204a5891,926
58cae496a3d24b23204a5894,541
58cae496a3d24b23204a5894,546
58cae496a3d24b23204a5894,537
58cae496a3d24b23204a5894,540
58cae498a3d24b23204a5895,547
58cae498a3d24b23204a5895,536
58cae49aa3d24b23204a5896,545
58cae49aa3d24b23204a5896,536
58cae49da3d24b23204a5898,547
58cae49ea3d24b23204a589a,547
58cae49ea3d24b23204a589a,922
58cae49fa3d24b23204a589b,547
58cae4a2a3d24b23204a589d,544
58cae4aea3d24b23204a58a6,926
58cae4aea3d24b23204a58a6,925
58cae4b0a3d24b23204a58a8,595
58cae4b9a3d24b23204a58b1,543
58cae4b9a3d24b23204a58b1,94
58cae4b9a3d24b23204a58b1,94
58cae4c5a3d24b23204a58b9,175
58cae4c6a3d24b23204a58ba,901
58cae4c6a3d24b23204a58ba,10
58cae4c9a3d24b23204a58bb,905
58cae4c9a3d24b23204a58bb,94
58cae4c9a3d24b23204a58bb,536
58cae4caa3d24b23204a58bc,94
58cae4cba3d24b23204a58bd,903
58cae4cca3d24b23204a58be,16
58cae4cda3d24b23204a58bf,57
58cae4cda3d24b23204a58bf,62
58cae4cea3d24b23204a58c0,905
58cae4cea3d24b23204a58c0,94
58cae4d1a3d24b23204a58c3,94
58cae4d2a3d24b23204a58c4,135
58cae4d4a3d24b23204a58c6,94
58cae4d6a3d24b23204a58c9,94
58cae4d9a3d24b23204a58cc,381
58cae4d9a3d24b23204a58cc,138
58cae4d9a3d24b23204a58cc,908
58cae4d9a3d24b23204a58cc,175
58cae4daa3d24b23204a58ce,94
58cae4dca3d24b23204a58d0,94
58cae4dda3d24b23204a58d1,94
58cae4dea3d24b23204a58d2,94
58cae4dea3d24b23204a58d2,921
58cae4dea3d24b23204a58d2,903
58cae4dea3d24b23204a58d2,923
58cae4dea3d24b23204a58d2,907
58cae4dea3d24b23204a58d2,905
58cae4e0a3d24b23204a58d4,94
58cae4e4a3d24b23204a58d8,94
58cae4e6a3d24b23204a58da,94
58cae4e7a3d24b23204a58db,110
58cae4e7a3d24b23204a58db,48
58cae4e7a3d24b23204a58db,15
58cae4e7a3d24b23204a58db,906
58cae4e7a3d24b23204a58db,84
58cae4e7a3d24b23204a58db,902
58cae4e7a3d24b23204a58db,901
58cae4e7a3d24b23204a58db,46
58cae4e7a3d24b23204a58db,80
58cae4e7a3d24b23204a58db,905
58cae4e7a3d24b23204a58db,14
58cae4e7a3d24b23204a58db,8
58cae4e7a3d24b23204a58db,49
58cae4e7a3d24b23204a58db,94
58cae4e7a3d24b23204a58db,10
58cae4e7a3d24b23204a58db,82
58cae4e7a3d24b23204a58db,1
58cae4e7a3d24b23204a58db,903
58cae4e7a3d24b23204a58db,41
58cae4eaa3d24b23204a58dd,214
58cae4f1a3d24b23204a58e2,94
58cae4f2a3d24b23204a58e3,396
58cae4f2a3d24b23204a58e3,388
58cae4f2a3d24b23204a58e4,388
58cae4f4a3d24b23204a58e5,388
58cae4f5a3d24b23204a58e6,388
58cae4f9a3d24b23204a58ea,94
58cae4fba3d24b23204a58ec,398
58cae501a3d24b23204a58f1,376
58cae501a3d24b23204a58f1,63
58cae501a3d24b23204a58f1,376
58cae50ba3d24b23204a58fc,504
58cae510a3d24b23204a5901,906
58cae510a3d24b23204a5901,923
58cae518a3d24b23204a5906,94
58cae51ba3d24b23204a590a,591
58cae51ba3d24b23204a590a,928
58cae51fa3d24b23204a590c,157
58cae51fa3d24b23204a590c,572
58cae522a3d24b23204a5910,632
58cae522a3d24b23204a5910,623
58cae525a3d24b23204a5913,94
58cae525a3d24b23204a5913,519
58cae526a3d24b23204a5915,925
58cae526a3d24b23204a5915,919
58cae526a3d24b23204a5915,922
58cae526a3d24b23204a5915,906
58cae526a3d24b23204a5915,94
58cae526a3d24b23204a5915,903
58cae526a3d24b23204a5915,928
58cae52aa3d24b23204a5919,924
58cae52aa3d24b23204a5919,572
58cae52da3d24b23204a591d,591
58cae530a3d24b23204a5921,923
58cae530a3d24b23204a5921,907
58cae531a3d24b23204a5922,918
58cae531a3d24b23204a5922,547
58cae534a3d24b23204a5925,603
58cae537a3d24b23204a5928,923
58cae537a3d24b23204a5928,926
58cae537a3d24b23204a5928,929
58cae548a3d24b23204a5929,924
58cae551a3d24b23204a592c,925
58cae552a3d24b23204a592d,628
58cae55aa3d24b23204a592e,928
58cae55aa3d24b23204a592f,908
58cae55aa3d24b23204a592f,572
58cae55aa3d24b23204a592f,928
58cae55ba3d24b23204a5930,907
58cae55ba3d24b23204a5930,908
58cae55ca3d24b23204a5931,908
58cae55ea3d24b23204a5933,623
58cae55ea3d24b23204a5933,623
58cae55ea3d24b23204a5934,907
58cae55ea3d24b23204a5934,94
58cae55fa3d24b23204a5935,907
58cae55fa3d24b23204a5935,94
58cae562a3d24b23204a5938,929
58cae563a3d24b23204a5939,916
58cae563a3d24b23204a5939,328
58cae563a3d24b23204a5939,917
58cae566a3d24b23204a593c,94
58cae568a3d24b23204a593e,929
58cae569a3d24b23204a5940,94
58cae56ba3d24b23204a5942,911
58cae56ca3d24b23204a5943,21
58cae56ca3d24b23204a5943,901
58cae583a3d24b23204a5944,519
58cae585a3d24b23204a5946,911
58cae585a3d24b23204a5946,314
58cae585a3d24b23204a5946,916
58cae586a3d24b23204a5947,928
58cae588a3d24b23204a5949,146
58cae588a3d24b23204a5949,572
58cae58ba3d24b23204a594d,492
58cae58ba3d24b23204a594d,146
58cae58ca3d24b23204a594e,110
58cae58ea3d24b23204a5950,94
58cae58fa3d24b23204a5951,929
58cae591a3d24b23204a5953,925
58cae592a3d24b23204a5954,928
58cae594a3d24b23204a5956,907
58cae594a3d24b23204a5956,439
58cae594a3d24b23204a5956,342
58cae594a3d24b23204a5956,175
58cae597a3d24b23204a5958,906
58cae597a3d24b23204a5958,94
58cae59aa3d24b23204a595a,439
58cae5a1a3d24b23204a595e,110
58cae5a3a3d24b23204a595f,451
58cae5a3a3d24b23204a595f,922
58cae5a3a3d24b23204a595f,519
58cae5a5a3d24b23204a5960,635
58cae5a5a3d24b23204a5960,901
58cae5aba3d24b23204a5964,572
58cae5aea3d24b23204a5965,94
58cae5afa3d24b23204a5966,901
58cae5afa3d24b23204a5966,901
58cae5b4a3d24b23204a5969,10
58cae5b5a3d24b23204a596a,921
58cae5b8a3d24b23204a596c,439
58cae5bfa3d24b23204a5970,94
58cae5c1a3d24b23204a5971,536
58cae5c5a3d24b23204a5974,928
58cae5c7a3d24b23204a5975,928
58cae5c7a3d24b23204a5976,342
58cae5c9a3d24b23204a5977,917
58cae5d2a3d24b23204a597b,230
58cae5d2a3d24b23204a597b,345
58cae5d5a3d24b23204a597d,901
58cae5d5a3d24b23204a597d,902
58cae5d5a3d24b23204a597d,916
58cae5d5a3d24b23204a597d,901
58cae5d5a3d24b23204a597d,917
58cae5d5a3d24b23204a597d,908
58cae5d5a3d24b23204a597d,94
58cae5d5a3d24b23204a597d,10
58cae5d6a3d24b23204a597e,204
58cae5d8a3d24b23204a597f,925
58cae5daa3d24b23204a5981,572
58cae5daa3d24b23204a5981,928
58cae5e1a3d24b23204a5982,632
58cae5f7a3d24b23204a5989,613
58cae5f9a3d24b23204a598b,917
58cae5f9a3d24b23204a598c,613
58cae5fca3d24b23204a598f,623
58cae5fca3d24b23204a598f,603
58cae5fca3d24b23204a5990,623
58cae5fea3d24b23204a5992,613
58cae5ffa3d24b23204a5993,907
58cae5ffa3d24b23204a5993,929
58cae5ffa3d24b23204a5993,427
58cae601a3d24b23204a5996,929
58cae603a3d24b23204a5998,929
58cae605a3d24b23204a599a,916
58cae609a3d24b23204a599e,929
58cae60aa3d24b23204a59a0,929
58cae60ba3d24b23204a59a1,929
58cae60ba3d24b23204a59a1,94
58cae610a3d24b23204a59a7,929
58cae612a3d24b23204a59a9,929
58cae612a3d24b23204a59a9,617
58cae615a3d24b23204a59ab,925
58cae615a3d24b23204a59ab,929
58cae615a3d24b23204a59ab,632
58cae615a3d24b23204a59ab,632
58cae618a3d24b23204a59ae,929
58cae619a3d24b23204a59af,632
58cae619a3d24b23204a59b0,632
58cae61ca3d24b23204a59b3,632
58cae61da3d24b23204a59b4,632
58cae61ea3d24b23204a59b6,572
58cae620a3d24b23204a59b8,617
58cae624a3d24b23204a59bd,929
58cae625a3d24b23204a59be,929
58cae625a3d24b23204a59be,630
58cae627a3d24b23204a59c0,929
58cae62ba3d24b23204a59c4,613
58cae62ba3d24b23204a59c4,614
58cae62ca3d24b23204a59c5,623
58cae62ca3d24b23204a59c5,94
58cae62da3d24b23204a59c6,929
58cae62da3d24b23204a59c6,623
58cae62ea3d24b23204a59c7,623
58cae62fa3d24b23204a59c8,572
58cae630a3d24b23204a59c9,603
58cae630a3d24b23204a59c9,614
58cae638a3d24b23204a59d2,629
58cae639a3d24b23204a59d3,623
58cae63ca3d24b23204a59d6,94
58cae63ca3d24b23204a59d7,572
58cae63ca3d24b23204a59d7,519
58cae63da3d24b23204a59d8,94
58cae641a3d24b23204a59dc,929
58cae643a3d24b23204a59df,926
58cae643a3d24b23204a59df,929
58cae644a3d24b23204a59e0,623
58cae644a3d24b23204a59e0,929
58cae644a3d24b23204a59e0,94
58cae648a3d24b23204a59e4,604
58cae64aa3d24b23204a59e6,929
58cae652a3d24b23204a59f0,923
58cae652a3d24b23204a59f0,917
58cae652a3d24b23204a59f0,928
58cae654a3d24b23204a59f2,628
58cae656a3d24b23204a59f4,628
58cae65ba3d24b23204a59f9,623
58cae660a3d24b23204a59ff,929
58cae661a3d24b23204a5a00,623
58cae677a3d24b23204a5a10,572
58cae678a3d24b23204a5a12,925
58cae678a3d24b23204a5a12,572
58cae67ca3d24b23204a5a16,925
58cae67da3d24b23204a5a17,572
58cae67da3d24b23204a5a17,925
58cae67da3d24b23204a5a17,572
58cae67fa3d24b23204a5a19,572
58cae680a3d24b23204a5a1b,926
58cae682a3d24b23204a5a1d,567
58cae682a3d24b23204a5a1d,573
58cae682a3d24b23204a5a1d,574
58cae682a3d24b23204a5a1d,906
58cae682a3d24b23204a5a1d,570
58cae682a3d24b23204a5a1d,571
58cae683a3d24b23204a5a1e,572
58cae684a3d24b23204a5a20,925
58cae687a3d24b23204a5a23,572
58cae688a3d24b23204a5a24,923
58cae688a3d24b23204a5a24,925
58cae688a3d24b23204a5a24,572
58cae688a3d24b23204a5a24,603
58cae688a3d24b23204a5a24,903
58cae689a3d24b23204a5a25,925
58cae68aa3d24b23204a5a26,925
58cae68ea3d24b23204a5a2b,925
58cae68ea3d24b23204a5a2b,94
58cae691a3d24b23204a5a2e,925
58cae692a3d24b23204a5a30,925
58cae693a3d24b23204a5a31,903
58cae698a3d24b23204a5a37,925
58cae698a3d24b23204a5a37,94
58cae699a3d24b23204a5a38,925
58cae69ba3d24b23204a5a3a,157
58cae69ba3d24b23204a5a3b,566
58cae69da3d24b23204a5a3d,926
58cae69da3d24b23204a5a3d,556
58cae69da3d24b23204a5a3d,561
58cae6a2a3d24b23204a5a43,925
58cae6a2a3d24b23204a5a43,573
58cae6a2a3d24b23204a5a43,572
58cae6a7a3d24b23204a5a48,564
58cae6a8a3d24b23204a5a49,572
58cae6aaa3d24b23204a5a4b,564
58cae6aca3d24b23204a5a4d,576
58cae6ada3d24b23204a5a4e,572
58cae6b0a3d24b23204a5a51,572
58cae6b2a3d24b23204a5a53,928
58cae6b3a3d24b23204a5a54,925
58cae6b3a3d24b23204a5a55,569
58cae6b5a3d24b23204a5a57,929
58cae6b9a3d24b23204a5a5c,924
58cae6bba3d24b23204a5a5f,924
58cae6bca3d24b23204a5a60,924
58cae6bea3d24b23204a5a62,559
58cae6bfa3d24b23204a5a63,572
58cae6c0a3d24b23204a5a64,536
58cae6c4a3d24b23204a5a69,575
58cae6c4a3d24b23204a5a69,568
58cae6c7a3d24b23204a5a6c,569
58cae6cea3d24b23204a5a6f,922
58cae6d4a3d24b23204a5a72,929
58cae6d4a3d24b23204a5a72,908
58cae6d4a3d24b23204a5a72,917
58cae6d4a3d24b23204a5a72,916
58cae6dfa3d24b23204a5a7b,928
58cae6e7a3d24b23204a5a83,928
58cae6e9a3d24b23204a5a85,929
58cae6e9a3d24b23204a5a85,922
58cae6e9a3d24b23204a5a85,572
58cae6e9a3d24b23204a5a86,595
58cae6e9a3d24b23204a5a86,928
58cae6eba3d24b23204a5a89,928
58cae6eda3d24b23204a5a8b,917
58cae6f0a3d24b23204a5a8f,928
58cae6f2a3d24b23204a5a91,597
58cae6f5a3d24b23204a5a95,928
58cae6f6a3d24b23204a5a96,928
58cae6f9a3d24b23204a5a9a,928
58cae6fca3d24b23204a5a9d,929
58cae6fea3d24b23204a5a9f,928
58cae6ffa3d24b23204a5aa0,593
58cae701a3d24b23204a5aa2,94
58cae702a3d24b23204a5aa4,907
58cae702a3d24b23204a5aa4,906
58cae702a3d24b23204a5aa4,928
58cae703a3d24b23204a5aa5,925
58cae703a3d24b23204a5aa5,929
58cae703a3d24b23204a5aa5,444
58cae703a3d24b23204a5aa5,928
58cae705a3d24b23204a5aa7,94
58cae705a3d24b23204a5aa7,928
58cae706a3d24b23204a5aa8,521
58cae706a3d24b23204a5aa8,572
58cae706a3d24b23204a5aa8,342
58cae706a3d24b23204a5aa8,94
58cae706a3d24b23204a5aa8,603
58cae706a3d24b23204a5aa8,519
58cae706a3d24b23204a5aa8,536
58cae706a3d24b23204a5aa8,928
58cae706a3d24b23204a5aa9,928
58cae708a3d24b23204a5aab,928
58cae70aa3d24b23204a5aad,928
58cae70ea3d24b23204a5ab3,928
58cae712a3d24b23204a5ab7,928
58cae713a3d24b23204a5ab8,928
58cae71ea3d24b23204a5abe,536
58cae723a3d24b23204a5ac0,536
58cae727a3d24b23204a5ac1,547
58cae729a3d24b23204a5ac2,547
58cae738a3d24b23204a5ad5,926
58cae73da3d24b23204a5ad6,547
58cae73fa3d24b23204a5ad9,554
58cae740a3d24b23204a5ada,554
58cae742a3d24b23204a5adc,546
58cae743a3d24b23204a5add,536
58cae745a3d24b23204a5ae0,547
58cae74aa3d24b23204a5ae5,545
58cae74aa3d24b23204a5ae5,547
58cae74aa3d24b23204a5ae5,536
58cae74ba3d24b23204a5ae6,926
58cae74ca3d24b23204a5ae7,10
58cae74ea3d24b23204a5ae9,505
58cae74ea3d24b23204a5ae9,623
58cae74ea3d24b23204a5ae9,519
58cae74ea3d24b23204a5ae9,536
58cae74ea3d24b23204a5ae9,230
58cae74ea3d24b23204a5ae9,94
58cae74ea3d24b23204a5aea,545
58cae74fa3d24b23204a5aeb,492
58cae74fa3d24b23204a5aeb,474
58cae751a3d24b23204a5aed,536
58cae754a3d24b23204a5af0,538
58cae755a3d24b23204a5af1,926
58cae758a3d24b23204a5af4,926
58cae75ba3d24b23204a5af8,536
58cae75ea3d24b23204a5afb,901
58cae763a3d24b23204a5b00,519
58cae763a3d24b23204a5b01,558
58cae763a3d24b23204a5b01,230
58cae763a3d24b23204a5b01,157
58cae763a3d24b23204a5b01,444
58cae763a3d24b23204a5b01,94
58cae763a3d24b23204a5b01,10
58cae763a3d24b23204a5b01,536
58cae76ba3d24b23204a5b09,545
58cae76ba3d24b23204a5b09,572
58cae76ca3d24b23204a5b0a,536
58cae76ca3d24b23204a5b0a,535
58cae770a3d24b23204a5b0f,536
58cae772a3d24b23204a5b11,921
58cae772a3d24b23204a5b11,926
58cae772a3d24b23204a5b11,444
58cae773a3d24b23204a5b13,551
58cae775a3d24b23204a5b15,551
58cae77da3d24b23204a5b1e,926
58cae782a3d24b23204a5b24,536
58cae782a3d24b23204a5b24,532
58cae783a3d24b23204a5b26,553
58cae783a3d24b23204a5b26,552
58cae786a3d24b23204a5b29,536
58cae786a3d24b23204a5b29,539
58cae787a3d24b23204a5b2a,536
58cae787a3d24b23204a5b2a,539
58cae787a3d24b23204a5b2b,550
58cae78ca3d24b23204a5b30,926
58cae792a3d24b23204a5b36,535
58cae795a3d24b23204a5b3a,542
58cae797a3d24b23204a5b3c,542
58cae798a3d24b23204a5b3e,926
58cae799a3d24b23204a5b3f,547
58cae79ba3d24b23204a5b41,405
58cae79ba3d24b23204a5b41,623
58cae79ba3d24b23204a5b41,901
58cae79ba3d24b23204a5b41,908
58cae79ba3d24b23204a5b41,919
58cae79ba3d24b23204a5b41,10
58cae79ca3d24b23204a5b42,519
58cae79ca3d24b23204a5b42,468
58cae79ca3d24b23204a5b42,550
58cae79fa3d24b23204a5b45,547
58cae79fa3d24b23204a5b45,547
58cae7a1a3d24b23204a5b48,547
58cae7a5a3d24b23204a5b4d,915
58cae7a6a3d24b23204a5b4e,536
58cae7a8a3d24b23204a5b50,110
58cae7a8a3d24b23204a5b50,906
58cae7a9a3d24b23204a5b51,536
58cae7aaa3d24b23204a5b53,926
58cae7aaa3d24b23204a5b53,554
58cae7aaa3d24b23204a5b53,544
58cae7aaa3d24b23204a5b53,547
58cae7aaa3d24b23204a5b53,572
58cae7aaa3d24b23204a5b53,197
58cae7aaa3d24b23204a5b53,94
58cae7aaa3d24b23204a5b53,603
58cae7aaa3d24b23204a5b53,519
58cae7aaa3d24b23204a5b53,536
58cae7aaa3d24b23204a5b53,342
58cae7aba3d24b23204a5b54,519
58cae7aba3d24b23204a5b54,342
58cae7aca3d24b23204a5b55,544
58cae7aca3d24b23204a5b55,536
58cae7aea3d24b23204a5b57,547
58cae7aea3d24b23204a5b57,536
58cae7afa3d24b23204a5b58,544
58cae7b1a3d24b23204a5b5b,536
58cae7b2a3d24b23204a5b5c,94
58cae7bda3d24b23204a5b67,94
58cae7bda3d24b23204a5b68,94
58cae7c0a3d24b23204a5b6b,94
58cae7c1a3d24b23204a5b6c,94
58cae7c2a3d24b23204a5b6d,88
58cae7c3a3d24b23204a5b6e,157
58cae7c3a3d24b23204a5b6e,177
58cae7c3a3d24b23204a5b6f,921
58cae7c5a3d24b23204a5b71,907
58cae7c6a3d24b23204a5b72,907
58cae7c6a3d24b23204a5b72,908
58cae7c6a3d24b23204a5b72,905
58cae7c7a3d24b23204a5b74,926
58cae7c7a3d24b23204a5b74,99
58cae7c8a3d24b23204a5b75,917
58cae7c8a3d24b23204a5b75,94
58cae7c9a3d24b23204a5b76,94
58cae7caa3d24b23204a5b77,94
58cae7cba3d24b23204a5b79,94
58cae7cca3d24b23204a5b7a,94
58cae7cda3d24b23204a5b7b,903
58cae7cda3d24b23204a5b7c,94
58cae7d0a3d24b23204a5b7f,917
58cae7d0a3d24b23204a5b7f,908
58cae7d0a3d24b23204a5b7f,916
58cae7d1a3d24b23204a5b80,907
58cae7d1a3d24b23204a5b80,439
58cae7d1a3d24b23204a5b80,342
58cae7d1a3d24b23204a5b80,519
58cae7d1a3d24b23204a5b80,175
58cae7d4a3d24b23204a5b84,94
58cae7d4a3d24b23204a5b84,519
58cae7d7a3d24b23204a5b87,94
58cae7e3a3d24b23204a5b91,388
58cae7fea3d24b23204a5bae,94
58cae852a3d24b23204a5bb5,929
58cae858a3d24b23204a5bb6,632
58cae858a3d24b23204a5bb6,623
58cae869a3d24b23204a5bb9,923
58cae869a3d24b23204a5bb9,925
58cae869a3d24b23204a5bb9,919
58cae869a3d24b23204a5bb9,922
58cae869a3d24b23204a5bb9,94
58cae869a3d24b23204a5bb9,903
58cae869a3d24b23204a5bb9,928
58cae86fa3d24b23204a5bba,925
58cae86fa3d24b23204a5bba,928
58cae88ca3d24b23204a5bbf,926
58cae88ca3d24b23204a5bbf,230
58cae8b0a3d24b23204a5bc7,439
58cae8b0a3d24b23204a5bc7,519
58cae8b1a3d24b23204a5bc9,118
58cae8b7a3d24b23204a5bd1,632
58cae8b8a3d24b23204a5bd2,572
58cae8b8a3d24b23204a5bd2,591
58cae8bda3d24b23204a5bd5,547
58cae8c2a3d24b23204a5bdc,591
58cae8c2a3d24b23204a5bdc,902
58cae8c2a3d24b23204a5bdc,505
58cae8c2a3d24b23204a5bdc,572
58cae8c2a3d24b23204a5bdc,903
58cae8c2a3d24b23204a5bdc,928
58cae8c3a3d24b23204a5bdd,912
58cae8eda3d24b23204a5bdf,94
58cae8eea3d24b23204a5be0,917
58cae8efa3d24b23204a5be1,923
58cae8efa3d24b23204a5be1,572
58cae8efa3d24b23204a5be1,515
58cae8f1a3d24b23204a5be3,572
58cae8f2a3d24b23204a5be4,519
58cae8f2a3d24b23204a5be4,94
58cae8f3a3d24b23204a5be6,94
58cae8f3a3d24b23204a5be6,519
58cae8f5a3d24b23204a5be8,94
58cae8f8a3d24b23204a5bed,94
58cae8f9a3d24b23204a5bee,94
58cae90ca3d24b23204a5bef,916
58cae914a3d24b23204a5bf1,921
58cae914a3d24b23204a5bf1,916
58cae917a3d24b23204a5bf4,902
58cae918a3d24b23204a5bf5,924
58cae918a3d24b23204a5bf5,923
58cae91aa3d24b23204a5bf7,901
58cae91ba3d24b23204a5bf8,917
58cae91ba3d24b23204a5bf8,337
58cae91ca3d24b23204a5bf9,923
58cae91ca3d24b23204a5bf9,519
58cae91ca3d24b23204a5bfa,94
58cae91da3d24b23204a5bfb,94
58cae91ea3d24b23204a5bfc,923
58cae920a3d24b23204a5bfe,572
58cae920a3d24b23204a5bfe,515
58cae920a3d24b23204a5bfe,923
58cae921a3d24b23204a5bff,94
58cae921a3d24b23204a5bff,572
58cae923a3d24b23204a5c01,94
58cae923a3d24b23204a5c02,909
58cae923a3d24b23204a5c02,908
58cae923a3d24b23204a5c02,923
58cae923a3d24b23204a5c02,903
58cae923a3d24b23204a5c02,926
58cae923a3d24b23204a5c02,914
58cae925a3d24b23204a5c04,923
58cae925a3d24b23204a5c04,925
58cae925a3d24b23204a5c04,929
58cae925a3d24b23204a5c04,908
58cae925a3d24b23204a5c04,922
58cae925a3d24b23204a5c04,928
58cae926a3d24b23204a5c05,922
58cae926a3d24b23204a5c05,94
58cae926a3d24b23204a5c05,903
58cae929a3d24b23204a5c09,908
58cae92aa3d24b23204a5c0a,94
58cae92da3d24b23204a5c0e,925
58cae92da3d24b23204a5c0e,929
58cae92da3d24b23204a5c0e,926
58cae92da3d24b23204a5c0e,587
58cae92da3d24b23204a5c0e,928
58cae92ea3d24b23204a5c0f,313
58cae92ea3d24b23204a5c0f,311
58cae92fa3d24b23204a5c10,924
58cae930a3d24b23204a5c11,58
58cae931a3d24b23204a5c12,916
58cae931a3d24b23204a5c13,926
58cae932a3d24b23204a5c14,94
58cae932a3d24b23204a5c14,903
58cae934a3d24b23204a5c16,906
58cae934a3d24b23204a5c16,921
58cae934a3d24b23204a5c16,908
58cae934a3d24b23204a5c16,907
58cae934a3d24b23204a5c16,923
58cae935a3d24b23204a5c17,923
58cae936a3d24b23204a5c18,615
58cae937a3d24b23204a5c19,924
58cae938a3d24b23204a5c1b,918
58cae938a3d24b23204a5c1b,908
58cae939a3d24b23204a5c1c,94
58cae93aa3d24b23204a5c1d,94
58cae93ba3d24b23204a5c1e,912
58cae93ca3d24b23204a5c1f,328
58cae93ca3d24b23204a5c1f,345
58cae93ca3d24b23204a5c1f,917
58cae93da3d24b23204a5c20,917
58cae93da3d24b23204a5c21,917
58cae940a3d24b23204a5c24,230
58cae942a3d24b23204a5c26,314
58cae942a3d24b23204a5c26,916
58cae943a3d24b23204a5c27,916
58cae943a3d24b23204a5c28,911
58cae943a3d24b23204a5c28,910
58cae943a3d24b23204a5c28,916
58cae943a3d24b23204a5c28,913
58cae943a3d24b23204a5c28,914
58cae943a3d24b23204a5c28,915
58cae943a3d24b23204a5c28,912
58cae944a3d24b23204a5c29,519
58cae945a3d24b23204a5c2a,921
58cae945a3d24b23204a5c2a,929
58cae945a3d24b23204a5c2a,913
58cae945a3d24b23204a5c2a,919
58cae945a3d24b23204a5c2a,906
58cae945a3d24b23204a5c2a,94
58cae946a3d24b23204a5c2c,277
58cae946a3d24b23204a5c2c,912
58cae94ea3d24b23204a5c30,632
58cae94fa3d24b23204a5c31,901
58cae94fa3d24b23204a5c31,605
58cae95ca3d24b23204a5c3d,929
58cae95fa3d24b23204a5c41,925
58cae960a3d24b23204a5c42,94
58cae963a3d24b23204a5c46,929
58cae966a3d24b23204a5c47,929
58cae96aa3d24b23204a5c4c,929
58cae96ca3d24b23204a5c4e,929
58cae96da3d24b23204a5c4f,926
58cae96ea3d24b23204a5c51,628
58cae96ea3d24b23204a5c51,623
58cae96ea3d24b23204a5c51,626
58cae96fa3d24b23204a5c52,623
58cae96fa3d24b23204a5c52,632
58cae972a3d24b23204a5c56,623
58cae972a3d24b23204a5c56,603
58cae974a3d24b23204a5c58,929
58cae978a3d24b23204a5c5d,929
58cae978a3d24b23204a5c5d,917
58cae97aa3d24b23204a5c60,929
58cae980a3d24b23204a5c63,632
58cae981a3d24b23204a5c64,632
58cae983a3d24b23204a5c67,617
58cae986a3d24b23204a5c6b,613
58cae986a3d24b23204a5c6b,620
58cae988a3d24b23204a5c6d,929
58cae98ea3d24b23204a5c70,920
58cae98fa3d24b23204a5c71,929
58cae990a3d24b23204a5c73,623
58cae990a3d24b23204a5c73,926
58cae990a3d24b23204a5c73,901
58cae990a3d24b23204a5c73,548
58cae990a3d24b23204a5c73,94
58cae990a3d24b23204a5c73,536
58cae990a3d24b23204a5c74,623
58cae993a3d24b23204a5c78,603
58cae996a3d24b23204a5c7b,629
58cae99ba3d24b23204a5c81,519
58cae99ca3d24b23204a5c82,929
58cae99fa3d24b23204a5c85,609
58cae9a0a3d24b23204a5c86,926
58cae9a1a3d24b23204a5c87,617
58cae9a1a3d24b23204a5c88,623
58cae9a1a3d24b23204a5c88,614
58cae9a1a3d24b23204a5c88,621
58cae9a1a3d24b23204a5c88,610
58cae9a1a3d24b23204a5c88,625
58cae9a1a3d24b23204a5c88,624
58cae9a1a3d24b23204a5c88,622
58cae9a1a3d24b23204a5c88,633
58cae9a1a3d24b23204a5c88,632
58cae9a1a3d24b23204a5c88,613
58cae9a4a3d24b23204a5c8c,633
58cae9a6a3d24b23204a5c8e,632
58cae9aca3d24b23204a5c97,623
58cae9afa3d24b23204a5c9a,608
58cae9b3a3d24b23204a5ca0,614
58cae9b6a3d24b23204a5ca3,929
58cae9baa3d24b23204a5caa,929
58cae9bca3d24b23204a5cac,929
58cae9bca3d24b23204a5cac,928
58cae9c0a3d24b23204a5cb2,929
58cae9c2a3d24b23204a5cb4,925
58cae9c2a3d24b23204a5cb4,929
58cae9c2a3d24b23204a5cb4,632
58cae9c2a3d24b23204a5cb4,928
58cae9c4a3d24b23204a5cb7,605
58cae9c5a3d24b23204a5cb8,605
58cae9c6a3d24b23204a5cb9,607
58cae9c6a3d24b23204a5cba,606
58cae9c7a3d24b23204a5cbb,625
58cae9d5a3d24b23204a5cc3,925
58cae9d6a3d24b23204a5cc4,916
58cae9d7a3d24b23204a5cc5,924
58cae9d7a3d24b23204a5cc5,572
58cae9d8a3d24b23204a5cc6,572
58cae9d8a3d24b23204a5cc6,157
58cae9d9a3d24b23204a5cc7,925
58cae9dba3d24b23204a5cc9,911
58cae9dba3d24b23204a5cc9,913
58cae9dba3d24b23204a5cc9,920
58cae9dba3d24b23204a5cc9,928
58cae9dca3d24b23204a5cca,110
58cae9e3a3d24b23204a5cd2,572
58cae9e6a3d24b23204a5cd7,559
58cae9e6a3d24b23204a5cd8,925
58cae9e9a3d24b23204a5cdb,572
58cae9eaa3d24b23204a5cdc,572
58cae9efa3d24b23204a5ce2,558
58cae9f0a3d24b23204a5ce4,923
58cae9f0a3d24b23204a5ce4,925
58cae9f0a3d24b23204a5ce4,556
58cae9f9a3d24b23204a5cec,94
58cae9fda3d24b23204a5cf1,925
58cae9fea3d24b23204a5cf2,925
58caea00a3d24b23204a5cf4,572
58caea00a3d24b23204a5cf4,536
58caea01a3d24b23204a5cf5,925
58caea01a3d24b23204a5cf5,566
58caea05a3d24b23204a5cfa,572
58caea05a3d24b23204a5cfa,515
58caea05a3d24b23204a5cfa,923
58caea06a3d24b23204a5cfc,580
58caea08a3d24b23204a5cfe,572
58caea08a3d24b23204a5cfe,575
58caea09a3d24b23204a5cff,923
58caea0aa3d24b23204a5d01,575
58caea0aa3d24b23204a5d01,572
58caea0ba3d24b23204a5d02,575
58caea0ba3d24b23204a5d02,572
58caea0da3d24b23204a5d05,925
58caea0da3d24b23204a5d05,94
58caea0da3d24b23204a5d05,519
58caea0fa3d24b23204a5d07,572
58caea14a3d24b23204a5d0d,581
58caea18a3d24b23204a5d12,572
58caea1ba3d24b23204a5d15,577
58caea1ba3d24b23204a5d15,572
58caea1ca3d24b23204a5d16,925
58caea1ca3d24b23204a5d17,572
58caea21a3d24b23204a5d1c,575
58caea22a3d24b23204a5d1e,110
58caea22a3d24b23204a5d1e,230
58caea22a3d24b23204a5d1e,381
58caea22a3d24b23204a5d1e,521
58caea22a3d24b23204a5d1e,140
58caea22a3d24b23204a5d1e,439
58caea22a3d24b23204a5d1e,572
58caea22a3d24b23204a5d1e,342
58caea22a3d24b23204a5d1e,86
58caea22a3d24b23204a5d1e,157
58caea22a3d24b23204a5d1e,486
58caea22a3d24b23204a5d1e,603
58caea22a3d24b23204a5d1e,94
58caea22a3d24b23204a5d1e,474
58caea22a3d24b23204a5d1e,519
58caea22a3d24b23204a5d1e,536
58caea23a3d24b23204a5d1f,925
58caea24a3d24b23204a5d20,929
58caea24a3d24b23204a5d20,928
58caea24a3d24b23204a5d20,926
58caea25a3d24b23204a5d21,576
58caea26a3d24b23204a5d22,572
58caea2ca3d24b23204a5d2a,924
58caea2da3d24b23204a5d2b,924
58caea2ea3d24b23204a5d2c,924
58caea30a3d24b23204a5d2e,924
58caea30a3d24b23204a5d2e,94
58caea30a3d24b23204a5d2f,906
58caea30a3d24b23204a5d2f,924
58caea31a3d24b23204a5d30,556
58caea34a3d24b23204a5d34,925
58caea34a3d24b23204a5d34,565
58caea34a3d24b23204a5d34,572
58caea37a3d24b23204a5d37,572
58caea41a3d24b23204a5d3c,928
58caea43a3d24b23204a5d3e,928
58caea44a3d24b23204a5d3f,928
58caea47a3d24b23204a5d42,597
58caea4aa3d24b23204a5d44,917
58caea4fa3d24b23204a5d49,595
58caea57a3d24b23204a5d4d,928
58caea61a3d24b23204a5d54,928
58caea63a3d24b23204a5d55,590
58caea63a3d24b23204a5d55,928
58caea65a3d24b23204a5d56,928
58caea6aa3d24b23204a5d59,588
58caea71a3d24b23204a5d5d,592
58caea71a3d24b23204a5d5d,928
58caea72a3d24b23204a5d5e,928
58caea73a3d24b23204a5d60,928
58caea77a3d24b23204a5d63,928
58caea7ca3d24b23204a5d68,393
58caea87a3d24b23204a5d70,593
58caea87a3d24b23204a5d70,928
58caea88a3d24b23204a5d72,591
58caea8aa3d24b23204a5d73,592
58caea93a3d24b23204a5d7b,928
58caea94a3d24b23204a5d7c,928
58caea96a3d24b23204a5d7e,929
58caea99a3d24b23204a5d81,94
58caea99a3d24b23204a5d81,589
58caea9aa3d24b23204a5d82,928
58caea9ca3d24b23204a5d84,923
58caea9ca3d24b23204a5d84,928
58caea9ea3d24b23204a5d86,594
58caea9ea3d24b23204a5d86,928
58caeaa0a3d24b23204a5d88,928
58caeaa1a3d24b23204a5d8a,928
58caeaa2a3d24b23204a5d8b,928
58caeaa3a3d24b23204a5d8c,928
58caeaa3a3d24b23204a5d8c,94
58caeab8a3d24b23204a5d95,547
58caeabca3d24b23204a5d99,536
58caeabda3d24b23204a5d9b,536
58caeabda3d24b23204a5d9b,928
58caeabfa3d24b23204a5d9d,547
58caeabfa3d24b23204a5d9d,547
58caeac1a3d24b23204a5d9e,532
58caeac3a3d24b23204a5d9f,79
58caeac3a3d24b23204a5d9f,905
58caeac7a3d24b23204a5da3,536
58caeacaa3d24b23204a5da7,544
58caeacca3d24b23204a5daa,547
58caead1a3d24b23204a5db0,926
58caead1a3d24b23204a5db0,94
58caead1a3d24b23204a5db0,94
58caead1a3d24b23204a5db0,554
58caead1a3d24b23204a5db0,532
58caead2a3d24b23204a5db2,550
58caead2a3d24b23204a5db2,929
58caead2a3d24b23204a5db2,536
58caead2a3d24b23204a5db2,928
58caead3a3d24b23204a5db3,554
58caead3a3d24b23204a5db3,547
58caead5a3d24b23204a5db6,572
58caead5a3d24b23204a5db6,519
58caead5a3d24b23204a5db6,536
58caead7a3d24b23204a5db8,925
58caead7a3d24b23204a5db8,926
58caeadca3d24b23204a5dbd,94
58caeadca3d24b23204a5dbd,536
58caeae2a3d24b23204a5dc0,551
58caeae2a3d24b23204a5dc0,94
58caeae3a3d24b23204a5dc1,536
58caeae4a3d24b23204a5dc2,110
58caeae4a3d24b23204a5dc2,327
58caeae4a3d24b23204a5dc2,505
58caeae4a3d24b23204a5dc2,157
58caeae4a3d24b23204a5dc2,146
58caeae4a3d24b23204a5dc2,901
58caeae4a3d24b23204a5dc2,322
58caeae4a3d24b23204a5dc2,444
58caeae4a3d24b23204a5dc2,439
58caeae4a3d24b23204a5dc2,572
58caeae4a3d24b23204a5dc2,421
58caeae4a3d24b23204a5dc2,94
58caeae4a3d24b23204a5dc2,41
58caeae4a3d24b23204a5dc2,175
58caeae4a3d24b23204a5dc2,55
58caeae4a3d24b23204a5dc2,474
58caeae4a3d24b23204a5dc2,519
58caeae4a3d24b23204a5dc2,342
58caeae6a3d24b23204a5dc4,926
58caeae6a3d24b23204a5dc4,536
58caeae6a3d24b23204a5dc4,536
58caeae8a3d24b23204a5dc7,926
58caeae8a3d24b23204a5dc7,94
58caeae9a3d24b23204a5dc8,554
58caeae9a3d24b23204a5dc8,549
58caeae9a3d24b23204a5dc8,545
58caeae9a3d24b23204a5dc8,550
58caeae9a3d24b23204a5dc8,554
58caeae9a3d24b23204a5dc8,545
58caeae9a3d24b23204a5dc8,541
58caeae9a3d24b23204a5dc8,476
58caeae9a3d24b23204a5dc8,547
58caeae9a3d24b23204a5dc8,545
58caeae9a3d24b23204a5dc8,546
58caeae9a3d24b23204a5dc8,550
58caeae9a3d24b23204a5dc8,546
58caeae9a3d24b23204a5dc8,550
58caeae9a3d24b23204a5dc8,540
58caeae9a3d24b23204a5dc8,549
58caeae9a3d24b23204a5dc8,548
58caeae9a3d24b23204a5dc8,545
58caeae9a3d24b23204a5dc8,544
58caeaeba3d24b23204a5dca,519
58caeaeba3d24b23204a5dca,536
58caeaeea3d24b23204a5dce,536
58caeaf8a3d24b23204a5ddb,926
58caeafda3d24b23204a5de1,547
58caeb02a3d24b23204a5de7,547
58caeb03a3d24b23204a5de9,925
58caeb03a3d24b23204a5de9,547
58caeb03a3d24b23204a5de9,547
58caeb08a3d24b23204a5def,550
58caeb0aa3d24b23204a5df1,926
58caeb0aa3d24b23204a5df1,927
58caeb0ca3d24b23204a5df3,549
58caeb0ea3d24b23204a5df6,925
58caeb0ea3d24b23204a5df6,923
58caeb0ea3d24b23204a5df6,535
58caeb0fa3d24b23204a5df7,536
58caeb10a3d24b23204a5df8,542
58caeb11a3d24b23204a5df9,926
58caeb11a3d24b23204a5df9,542
58caeb11a3d24b23204a5df9,94
58caeb14a3d24b23204a5dfd,926
58caeb15a3d24b23204a5dfe,554
58caeb16a3d24b23204a5dff,551
58caeb16a3d24b23204a5dff,554
58caeb18a3d24b23204a5e01,547
58caeb1ba3d24b23204a5e05,547
58caeb1ca3d24b23204a5e06,926
58caeb1fa3d24b23204a5e0a,536
58caeb27a3d24b23204a5e14,540
58caeb27a3d24b23204a5e14,547
58caeb27a3d24b23204a5e14,545
58caeb27a3d24b23204a5e14,545
58caeb27a3d24b23204a5e14,546
58caeb27a3d24b23204a5e14,546
58caeb27a3d24b23204a5e14,540
58caeb27a3d24b23204a5e14,545
58caeb28a3d24b23204a5e15,393
58caeb28a3d24b23204a5e15,395
58caeb28a3d24b23204a5e15,322
58caeb28a3d24b23204a5e15,327
58caeb28a3d24b23204a5e15,342
58caeb28a3d24b23204a5e15,572
58caeb28a3d24b23204a5e15,536
58caeb32a3d24b23204a5e1f,924
58caeb32a3d24b23204a5e1f,157
58caeb32a3d24b23204a5e1f,521
58caeb32a3d24b23204a5e1f,901
58caeb32a3d24b23204a5e1f,909
58caeb32a3d24b23204a5e1f,572
58caeb32a3d24b23204a5e1f,505
58caeb32a3d24b23204a5e1f,342
58caeb32a3d24b23204a5e1f,94
58caeb32a3d24b23204a5e1f,55
